{"tissue_hires_scalef": 0.115267135, "tissue_lowres_scalef": 0.03458014, "fiducial_diameter_fullres": 225.25885592749816, "spot_diameter_fullres": 139.44595843130838}